DROP TABLE IF EXISTS "city";
CREATE TABLE "public"."city" (
    "id" uuid DEFAULT gen_random_uuid() NOT NULL,
    "name" character varying(128) NOT NULL,
    "zip_code" character varying(16),
    CONSTRAINT "city_pkey" PRIMARY KEY ("id")
) WITH (oids = false);

INSERT INTO "city" ("id", "name", "zip_code") VALUES
('8c9c7961-9068-4261-8a9f-40aceeb3728a',	'Mayenne',	NULL),
('fe889159-7ae8-4f76-878c-20892c53f234',	'Meurthe-et-Moselle',	NULL),
('6d3ecf49-dc8f-44ca-a782-23d228514020',	'Meuse',	NULL),
('e58fac8a-f81b-4ea2-b83e-a1fc0bf32b57',	'Morbihan',	NULL),
('8aec7181-de4b-4a99-84e0-60873c6bf57f',	'Moselle',	NULL),
('7afc08a1-858a-47b8-9633-94a12cc4148f',	'Nièvre',	NULL),
('3bc7ca1d-b2b0-4930-b663-4972164b0fa5',	'Nord',	NULL),
('c0b72fb7-d4d1-4889-a83f-a20c2440b516',	'Oise',	NULL),
('c518799e-1b0c-40ac-af3c-4bcd29ff3cc9',	'Orne',	NULL),
('0d080e3b-dd68-4747-a370-d46cc823d8e7',	'Pas-de-Calais',	NULL),
('0e1c4b18-8037-4928-a265-288f4e7795c7',	'Puy-de-Dôme',	NULL),
('a7d59dfd-4029-4ac6-8530-560a6c931250',	'Pyrénées-Atlantiques',	NULL),
('a39ed339-6021-4576-8173-1ca1cc9fe1c8',	'Hautes-Pyrénées',	NULL),
('b80f646d-786d-4608-bac6-abc8067e8dfd',	'Pyrénées-Orientales',	NULL),
('74952f03-2f8c-4a15-b16a-b32b9050e074',	'Bas-Rhin',	NULL),
('208d6018-a4af-4045-af4c-8745f38f6d86',	'Haut-Rhin',	NULL),
('fbe99bdf-333d-4dc9-9ea4-8ada41ca5359',	'Rhône',	NULL),
('f6fed6ce-d97f-4544-99f1-fbaa30ba3078',	'Haute-Saône',	NULL),
('a5f8ed94-2317-4775-8e24-2fb88cc29d3e',	'Saône-et-Loire',	NULL),
('7f8a231b-fc6f-4649-b926-b5c6720a473f',	'Sarthe',	NULL),
('a8891d94-9383-4a71-8848-b905483a5cae',	'Savoie',	NULL),
('30892a05-b233-407c-9efc-59ca060a6235',	'Haute-Savoie',	NULL),
('edf60f0b-ff39-47e3-a32e-48f5300390fb',	'Paris',	NULL),
('79f6f452-de15-49ea-a569-d341668ebe4f',	'Seine-Maritime',	NULL),
('8069c7f4-8284-4d03-8638-336d7cdcaed5',	'Seine-et-Marne',	NULL),
('8a0f3cd8-e5f4-4d5c-be16-f51fc978b9be',	'Yvelines',	NULL),
('e94a2a9c-6d36-4851-a2eb-7982d9db0d01',	'Deux-Sèvres',	NULL),
('924594b7-ba07-4d74-bc9d-11602b0271e6',	'Somme',	NULL),
('d391fe46-9a30-4f8f-b96f-5d5c0e310c59',	'Tarn',	NULL),
('dd3e7e9a-92a7-4e58-9290-debf1a50d8d7',	'Tarn-et-Garonne',	NULL),
('0f35ed8a-09a2-4932-86a6-2bbb058d9339',	'Var',	NULL),
('732f5e97-7d31-4782-9d71-beac56d33086',	'Vaucluse',	NULL),
('dbdc0af1-c841-40d7-bbfa-26a70dc6dfb8',	'Vendée',	NULL),
('fef34f6d-2df6-40af-9ab7-eacf94196913',	'Vienne',	NULL),
('f5c06613-2286-49d6-951e-894681bb6d52',	'Haute-Vienne',	NULL),
('bf032b12-14c1-46c4-a2d8-9d6691784d9d',	'Vosges',	NULL),
('659f2155-ddd2-482f-8ef5-f63c1dbd01f4',	'Yonne',	NULL),
('94918e9f-13fe-4f61-a032-654a40ccd8e8',	'Territoire de Belfort',	NULL),
('4d91f701-fab7-424b-ab12-21bf0c562d2d',	'Essonne',	NULL),
('95e44bd4-e850-4616-acf0-3d4fb6d2f7e0',	'Hauts-de-Seine',	NULL),
('294bae5d-9aff-4188-8bb6-4022be69ad33',	'Seine-Saint-Denis',	NULL),
('fe0c70e4-b5f9-43c2-a9af-4bb6a5e82a31',	'Val-de-Marne',	NULL),
('bc97a77e-f2b2-4db1-856a-d59f0ba59096',	'Val-d''Oise',	NULL),
('7b54a5fd-6e2c-4047-b8c5-ae64bb0706a8',	'Guadeloupe',	NULL),
('359382ed-9615-4941-bc8c-728233b6addc',	'Martinique',	NULL),
('bc114b89-52bc-4638-98ad-652022838cf9',	'Guyane',	NULL),
('63026c21-5972-43d7-84fd-c2d189f977bd',	'La Réunion',	NULL),
('53d70ef0-1465-429d-83d2-1bc028f3f27b',	'Mayotte',	NULL),
('11111111-1111-1111-1111-111111111111',	'Paris',	'75000'),
('22222222-2222-2222-2222-222222222222',	'Lyon',	'69000'),
('33333333-3333-3333-3333-333333333333',	'Marseille',	'13000'),
('44444444-4444-4444-4444-444444444444',	'Lille',	'59000'),
('55555555-5555-5555-5555-555555555555',	'Toulouse',	'31000'),
('790321b2-3765-4447-bda9-cad86126999c',	'Ain',	'01000'),
('f04b4168-8d98-44ca-a286-ceab028de146',	'Aisne',	'02000'),
('3f87af63-9990-4537-95f5-33ce278ecdff',	'Allier',	'03000'),
('f3cb570c-759c-4de6-adf3-5586360a0ac6',	'Alpes-de-Haute-Provence',	'04000'),
('fc7ac145-62a0-41b0-96ec-05fcedf62eb7',	'Hautes-Alpes',	'05000'),
('1ee150fe-569e-4016-9e25-8767e8006376',	'Alpes-Maritimes',	'06000'),
('ffa6298c-ce06-4c25-9464-91fe48b00b60',	'Ardèche',	'07000'),
('ba03f3f5-a770-47bd-bd26-d862f31c0564',	'Ardennes',	'08000'),
('b8f00549-8124-4788-a531-a72d1b414029',	'Ariège',	'09000'),
('76dd465c-9c54-43d1-96b6-b020c5a571a2',	'Aube',	'10000'),
('964adbd8-e83f-4132-ada8-eb1c90faa2c6',	'Aude',	'11000'),
('d13313c9-750c-4906-9506-5cf241944bd2',	'Aveyron',	'12000'),
('9d397275-e05d-4e9e-acb0-7f1bc7a5bed1',	'Bouches-du-Rhône',	'13000'),
('e4b39a55-348b-4f5d-a234-27955016179c',	'Calvados',	'14000'),
('59321b81-931b-4fc8-86c7-88846e0d51fe',	'Cantal',	'15000'),
('c3947049-9bac-4d8e-95a6-6d87e410ecd8',	'Charente',	'16000'),
('faa881bc-166d-4930-9d62-9009736475c6',	'Charente-Maritime',	'17000'),
('f1fba268-7eb1-4ac2-9718-7a3748be0ec4',	'Cher',	'18000'),
('f6eb59e5-3e57-4d0c-aa00-483cdf426eef',	'Corrèze',	'19000'),
('76c28dfe-94fe-4abd-8cd9-147a64bafc83',	'Côte-d''Or',	'21000'),
('7f7222b8-c179-471a-aff4-f20be77f9aa2',	'Côtes-d''Armor',	'22000'),
('593bad64-e7ce-4a31-9d8c-a08d51304231',	'Creuse',	'23000'),
('c07ac819-54e9-407a-a07f-50c772bfa7cf',	'Dordogne',	'24000'),
('de8923c3-0339-4b1d-b751-898797a325ad',	'Doubs',	'25000'),
('cae4e410-9d42-494f-8bf3-662254b50bd2',	'Drôme',	'26000'),
('5472c943-44cc-43a7-978e-ace6f490262f',	'Haute-Marne',	'92140'),
('68a65e91-78d3-4cd0-8fd0-1fc67c614f77',	'Eure',	'27000'),
('aaac133a-c3d5-43bd-ada1-8ff1e5f8afe0',	'Eure-et-Loir',	'28000'),
('e8511dac-9bf8-4936-9b61-ec209f202762',	'Finistère',	'29000'),
('a7e7d189-9748-451a-b9a4-0ebb42cea190',	'Gard',	'30000'),
('3ea57390-321c-436b-8dc3-dfa41d9694ac',	'Haute-Garonne',	'31000'),
('8af86006-e208-4fe4-91d7-f66a305d85e4',	'Gers',	'32000'),
('73199461-7ad3-4bc1-af9c-bdc0f26b668a',	'Gironde',	'33000'),
('9db0ad6d-68e8-4fc8-9b8a-0869b5d4423e',	'Hérault',	'34000'),
('d28bef12-4a44-43e5-914c-3b44a058e06f',	'Ille-et-Vilaine',	'35000'),
('eb9ba8f7-b64d-4b2d-b06c-4941a7739864',	'Indre',	'36000'),
('7b99113c-0239-4f8a-86ca-d95968dc43de',	'Indre-et-Loire',	'37000'),
('bed06503-fde9-4ea2-b9f3-dba7bf4b4b1e',	'Isère',	'38000'),
('e8147294-8ff9-44a0-b213-d1ac40bc58d4',	'Jura',	'39000'),
('d314b06c-a4d9-4d6b-aaa3-4a93df0f7c86',	'Landes',	'40000'),
('3e8dc17a-9b7f-4cb2-a89d-d0b445429a00',	'Loir-et-Cher',	'41000'),
('e0265bc1-7281-4749-aac0-c9e57f119560',	'Loire',	'42000'),
('fd52b49e-c229-4f99-a5aa-fea452815cc0',	'Haute-Loire',	'43000'),
('eb097704-d5ca-484a-950c-d5c6f41019e4',	'Loire-Atlantique',	'44000'),
('0d722c62-6202-4f6e-9625-6afdd185d5bb',	'Loiret',	'45000'),
('dcd36d84-7e9d-4814-bb1b-c6bfcce96a71',	'Lot',	'46000'),
('84520314-54a1-4cc9-9174-6e723f5e9a3a',	'Lot-et-Garonne',	'47000'),
('2fa6df63-9c13-4efc-9dfc-d0e15082299c',	'Lozère',	'48000'),
('d112079b-a4cb-4898-9c58-96bf1b62c211',	'Maine-et-Loire',	'49000'),
('7f6cf7cc-b38e-46b0-a99a-4b3a233db7aa',	'Manche',	'50000'),
('a87a95d6-10d9-4301-ad8c-2579d3b942b1',	'Marne',	'51000');

DROP TABLE IF EXISTS "patient";
CREATE TABLE "public"."patient" (
    "id" uuid DEFAULT uuid_generate_v4() NOT NULL,
    "firstname" character varying(64),
    "lastname" character varying(64),
    "ssn_id" uuid NOT NULL,
    "city_id" uuid,
    "gender" character varying(16),
    "email" character varying(128),
    "birthdate" timestamptz,
    CONSTRAINT "PK_8dfa510bb29ad31ab2139fbfb99" PRIMARY KEY ("id")
) WITH (oids = false);

INSERT INTO "patient" ("id", "firstname", "lastname", "ssn_id", "city_id", "gender", "email", "birthdate") VALUES
('11111111-1111-1111-1111-000000000001',	'Jean',	'Dupont',	'9f52541f-6fd1-46f6-82e5-9e03144af896',	'790321b2-3765-4447-bda9-cad86126999c',	'M',	'jean.dupont@email.com',	NULL),
('11111111-1111-1111-1111-000000000002',	'Marie',	'Curie',	'e0eb73a4-7b3c-46bb-af57-870505fc035d',	'f04b4168-8d98-44ca-a286-ceab028de146',	'F',	'marie.curie@email.com',	NULL),
('11111111-1111-1111-1111-000000000003',	'Paul',	'Morel',	'c219f71d-ef14-417a-8223-b897b3a51f64',	'3f87af63-9990-4537-95f5-33ce278ecdff',	'M',	'paul.morel@email.com',	NULL),
('11111111-1111-1111-1111-000000000004',	'Sophie',	'Martin',	'2ec072e5-0c7d-4377-9d67-898c46fb73b9',	'f3cb570c-759c-4de6-adf3-5586360a0ac6',	'F',	'sophie.martin@email.com',	NULL),
('11111111-1111-1111-1111-000000000005',	'Luc',	'Durand',	'd4e1296e-98eb-4b5b-a470-d818b9b51db9',	'fc7ac145-62a0-41b0-96ec-05fcedf62eb7',	'M',	'luc.durand@email.com',	NULL),
('11111111-1111-1111-1111-000000000006',	'Camille',	'Robert',	'03e99762-848b-47ac-9b33-225ab6def832',	'1ee150fe-569e-4016-9e25-8767e8006376',	'F',	'camille.robert@email.com',	NULL),
('11111111-1111-1111-1111-000000000007',	'Julien',	'Lemoine',	'53af8f15-9de3-44d4-b848-15dc898bb9d3',	'ffa6298c-ce06-4c25-9464-91fe48b00b60',	'M',	'julien.lemoine@email.com',	NULL),
('11111111-1111-1111-1111-000000000008',	'Claire',	'Faure',	'9bd0799c-99f7-4449-8879-5302b3687a36',	'ba03f3f5-a770-47bd-bd26-d862f31c0564',	'F',	'claire.faure@email.com',	NULL),
('11111111-1111-1111-1111-000000000009',	'Hugo',	'Garcia',	'9d7e85e5-0969-43f2-8670-3a9d5a765f9d',	'b8f00549-8124-4788-a531-a72d1b414029',	'M',	'hugo.garcia@email.com',	NULL),
('11111111-1111-1111-1111-000000000010',	'Emma',	'Benoit',	'82fe462b-a4f1-4803-a3e8-29083185a16a',	'76dd465c-9c54-43d1-96b6-b020c5a571a2',	'F',	'emma.benoit@email.com',	NULL),
('11111111-1111-1111-1111-000000000011',	'Louis',	'Bernard',	'3ffb763a-380e-4c68-8fb6-2427fc163ec9',	'964adbd8-e83f-4132-ada8-eb1c90faa2c6',	'M',	'louis.bernard@email.com',	NULL),
('11111111-1111-1111-1111-000000000012',	'Alice',	'Giraud',	'30ac3c2a-8b9e-422d-a5f4-871a8c002cc3',	'd13313c9-750c-4906-9506-5cf241944bd2',	'F',	'alice.giraud@email.com',	NULL),
('11111111-1111-1111-1111-000000000013',	'Noé',	'Gauthier',	'c4c8638c-0a58-4662-915e-58471c362aba',	'9d397275-e05d-4e9e-acb0-7f1bc7a5bed1',	'M',	'noe.gauthier@email.com',	NULL),
('11111111-1111-1111-1111-000000000014',	'Julie',	'Roux',	'3a9bf8c7-e0f1-4664-9ec9-094750a1c7cf',	'e4b39a55-348b-4f5d-a234-27955016179c',	'F',	'julie.roux@email.com',	NULL),
('11111111-1111-1111-1111-000000000015',	'Antoine',	'Fabre',	'2b3e1895-828a-48d8-9e48-5bb57da004a1',	'59321b81-931b-4fc8-86c7-88846e0d51fe',	'M',	'antoine.fabre@email.com',	NULL),
('11111111-1111-1111-1111-000000000016',	'Laura',	'Philippe',	'73647573-a150-44df-9357-f32fe5939761',	'c3947049-9bac-4d8e-95a6-6d87e410ecd8',	'F',	'laura.philippe@email.com',	NULL),
('11111111-1111-1111-1111-000000000017',	'Mathieu',	'Leclerc',	'a85fc9ab-d5b1-4ce2-8da4-46dfbe0b4cc5',	'faa881bc-166d-4930-9d62-9009736475c6',	'M',	'mathieu.leclerc@email.com',	NULL),
('11111111-1111-1111-1111-000000000018',	'Eva',	'Girard',	'ad1aa4c2-68f4-4875-9bec-f55ff76d1320',	'f1fba268-7eb1-4ac2-9718-7a3748be0ec4',	'F',	'eva.girard@email.com',	NULL),
('11111111-1111-1111-1111-000000000019',	'Lucas',	'Marchand',	'226f325a-b08e-4504-82f9-f92e1233d363',	'f6eb59e5-3e57-4d0c-aa00-483cdf426eef',	'M',	'lucas.marchand@email.com',	NULL),
('11111111-1111-1111-1111-000000000020',	'Anaïs',	'Chevalier',	'd826e6fc-f5a0-429a-a8f9-8ca8e33598da',	'76c28dfe-94fe-4abd-8cd9-147a64bafc83',	'F',	'anais.chevalier@email.com',	NULL);

DROP TABLE IF EXISTS "ssn";
CREATE TABLE "public"."ssn" (
    "id" uuid DEFAULT uuid_generate_v4() NOT NULL,
    "number" character varying(15) NOT NULL,
    CONSTRAINT "PK_fd9f1c91cf6bcd38ae0b7dfccc2" PRIMARY KEY ("id")
) WITH (oids = false);

INSERT INTO "ssn" ("id", "number") VALUES
('9f52541f-6fd1-46f6-82e5-9e03144af896',	'123-45-6789'),
('e0eb73a4-7b3c-46bb-af57-870505fc035d',	'987-65-4321'),
('c219f71d-ef14-417a-8223-b897b3a51f64',	'111-22-3333'),
('2ec072e5-0c7d-4377-9d67-898c46fb73b9',	'444-55-6666'),
('d4e1296e-98eb-4b5b-a470-d818b9b51db9',	'777-88-9999'),
('03e99762-848b-47ac-9b33-225ab6def832',	'222-33-4444'),
('53af8f15-9de3-44d4-b848-15dc898bb9d3',	'555-66-7777'),
('9bd0799c-99f7-4449-8879-5302b3687a36',	'888-99-0000'),
('9d7e85e5-0969-43f2-8670-3a9d5a765f9d',	'333-44-5555'),
('82fe462b-a4f1-4803-a3e8-29083185a16a',	'666-77-8888'),
('3ffb763a-380e-4c68-8fb6-2427fc163ec9',	'999-00-1111'),
('30ac3c2a-8b9e-422d-a5f4-871a8c002cc3',	'444-55-6666'),
('c4c8638c-0a58-4662-915e-58471c362aba',	'777-88-0000'),
('3a9bf8c7-e0f1-4664-9ec9-094750a1c7cf',	'222-33-5555'),
('2b3e1895-828a-48d8-9e48-5bb57da004a1',	'555-66-9999'),
('73647573-a150-44df-9357-f32fe5939761',	'888-99-1111'),
('a85fc9ab-d5b1-4ce2-8da4-46dfbe0b4cc5',	'333-44-7777'),
('ad1aa4c2-68f4-4875-9bec-f55ff76d1320',	'666-77-0000'),
('226f325a-b08e-4504-82f9-f92e1233d363',	'999-00-2222'),
('d826e6fc-f5a0-429a-a8f9-8ca8e33598da',	'123-45-0000'),
('aaaaaaa1-0000-0000-0000-000000000001',	'123456789001'),
('aaaaaaa2-0000-0000-0000-000000000002',	'123456789002'),
('aaaaaaa3-0000-0000-0000-000000000003',	'123456789003'),
('aaaaaaa4-0000-0000-0000-000000000004',	'123456789004'),
('aaaaaaa5-0000-0000-0000-000000000005',	'123456789005'),
('aaaaaaa6-0000-0000-0000-000000000006',	'123456789006'),
('aaaaaaa7-0000-0000-0000-000000000007',	'123456789007'),
('aaaaaaa8-0000-0000-0000-000000000008',	'123456789008'),
('aaaaaaa9-0000-0000-0000-000000000009',	'123456789009'),
('aaaaaa10-0000-0000-0000-000000000010',	'123456789010'),
('aaaaaa11-0000-0000-0000-000000000011',	'123456789011'),
('aaaaaa12-0000-0000-0000-000000000012',	'123456789012'),
('aaaaaa13-0000-0000-0000-000000000013',	'123456789013'),
('aaaaaa14-0000-0000-0000-000000000014',	'123456789014'),
('aaaaaa15-0000-0000-0000-000000000015',	'123456789015'),
('aaaaaa16-0000-0000-0000-000000000016',	'123456789016'),
('aaaaaa17-0000-0000-0000-000000000017',	'123456789017'),
('aaaaaa18-0000-0000-0000-000000000018',	'123456789018'),
('aaaaaa19-0000-0000-0000-000000000019',	'123456789019'),
('aaaaaa20-0000-0000-0000-000000000020',	'123456789020');

ALTER TABLE ONLY "public"."patient" ADD CONSTRAINT "FK_55747a4dfc143fc3d34307ff056" FOREIGN KEY (ssn_id) REFERENCES ssn(id) NOT DEFERRABLE;
ALTER TABLE ONLY "public"."patient" ADD CONSTRAINT "FK_8fa07909b0a663bac8dd0637c8f" FOREIGN KEY (city_id) REFERENCES city(id) NOT DEFERRABLE;